ts,fase,demanda_rpm,forecast_rpm,cpu,ma_cpu,necesarias_D,healthy_S,desired,pending,p90_ms,decision,trigger
2026-09-26T17:34:00Z,,0,0,1.849414,1.849808,1,1,1,0,,MAINTAIN_CAPACITY,NONE
2026-09-26T17:35:00Z,,0,0,1.817242,1.833135,1,,1,0,,MAINTAIN_CAPACITY,NONE
2026-09-26T17:36:00Z,,0,0,7.65,3.772219,1,1,1,0,92.11173441261884,MAINTAIN_CAPACITY,NONE
2026-09-26T17:37:00Z,base,73,74.609102,26.048418,11.838553,1,,1,0,91.82375146834747,MAINTAIN_CAPACITY,NONE
2026-09-26T17:38:00Z,base,175,208.584682,25.939881,19.879433,1,1,1,0,91.90226470691427,MAINTAIN_CAPACITY,NONE
2026-09-26T17:39:00Z,base,111,209.73477,26.343325,26.110541,1,1,1,0,91.75758230257088,MAINTAIN_CAPACITY,NONE
2026-09-26T17:40:00Z,salto,182,262.949598,45.053333,32.445513,1,1,1,0,91.9648477578565,MAINTAIN_CAPACITY,NONE
2026-09-26T17:41:00Z,salto,310,399.014573,73.468265,48.288308,1,1,1,0,96.2700448393823,INCREASE_CAPACITY,PROACTIVE
2026-09-26T17:42:00Z,salto,515,648.444874,48.701926,55.741175,2,,2,0,3604.305540844013,MAINTAIN_CAPACITY,PROACTIVE
2026-09-26T17:43:00Z,salto,676,906.093294,66.613272,62.927821,2,2,2,0,202.93754472608418,INCREASE_CAPACITY,PROACTIVE
2026-09-26T17:44:00Z,salto,947,1257.853509,78.268414,64.527871,2,3,3,0,152.91679050989165,MAINTAIN_CAPACITY,PROACTIVE
2026-09-26T17:45:00Z,,947,1387.105591,5.217385,50.033024,2,,3,0,,MAINTAIN_CAPACITY,NONE
2026-09-26T17:46:00Z,,0,486.065793,3.477583,28.987794,1,3,3,0,,MAINTAIN_CAPACITY,BOTH
2026-09-26T17:47:00Z,,0,0,3.405566,4.033511,1,,3,0,,MAINTAIN_CAPACITY,BOTH
2026-09-26T17:48:00Z,,0,0,3.566437,3.483195,1,3,3,0,,REDUCE_CAPACITY,BOTH
2026-09-26T17:49:00Z,,0,0,3.294617,3.422206,1,2,2,0,,MAINTAIN_CAPACITY,BOTH
2026-09-26T17:50:00Z,,0,0,3.60006,3.487038,1,2,2,0,,MAINTAIN_CAPACITY,BOTH
2026-09-26T17:51:00Z,,0,0,3.533318,3.475998,1,,2,0,,MAINTAIN_CAPACITY,BOTH
2026-09-26T17:52:00Z,,0,0,3.591682,3.57502,1,2,2,0,,REDUCE_CAPACITY,BOTH
2026-09-26T17:53:00Z,,0,0,1.90057,3.008523,1,,1,0,,MAINTAIN_CAPACITY,NONE
2026-09-26T17:54:00Z,,0,0,1.883333,2.458529,1,1,1,0,,MAINTAIN_CAPACITY,NONE
2026-09-26T17:55:00Z,,0,0,1.882769,1.888891,1,1,1,0,,MAINTAIN_CAPACITY,NONE
2026-09-26T17:56:00Z,,0,0,1.867227,1.877776,1,1,1,0,,MAINTAIN_CAPACITY,NONE
